name,chain,lat,lon,address,source_url
Uno-X 7-Eleven Nygårdskrysset,Uno-X,59.72514647,10.7832488,"Kveldroveien 44, 1407, VINTERBRO",https://unox.no/finn-uno-x/lokasjon/10500220
CIRCLE K RANDABERG,Circle K,59.0011,5.617387,"Tungenesveien 8, 4070, Randaberg",https://www.circlek.no/station/52014
Uno-X Truck Borgeskogen,Uno-X,59.2461552246442,10.2531945705414,"Borgeskogen 45, 3160, STOKKE",https://unox.no/finn-uno-x/lokasjon/10501084
Uno-X Østre Rosten,Uno-X,63.36667693,10.38036346,"Østre Rosten 8, 7075, Tiller",https://unox.no/finn-uno-x/lokasjon/10500779
YX Birkeland,YX,58.328,8.23069,"Birkelandsveien 1271, 4760 BIRKELAND",https://www.yx.no/stasjon/yx-birkeland-10400574
CIRCLE K BRUMUNDDAL,Circle K,60.882687,10.939159,"Nygata 14, 2380, Brumunddal",https://www.circlek.no/station/53122
CIRCLE K AUTOMAT SKJEBERG,Circle K,59.268932,11.169328,"Iseveien 9, 1738, Borgenhaugen",https://www.circlek.no/station/57059
CIRCLE K AUTOMAT HATLANE,Circle K,62.461643,6.273102,"Borgundvegen 549, 6016, Ålesund",https://www.circlek.no/station/52392
CIRCLE K LAMPELAND,Circle K,59.83474,9.57864,"Stasjonsvegen 2, 3623, Lampeland",https://www.circlek.no/station/51550
Uno-X Tromsdalen,Uno-X,69.6408921,18.9714408,"Solstrandv. 47, 9020, Tromsdalen",https://unox.no/finn-uno-x/lokasjon/10500668
CIRCLE K AUTOMAT BOBY'N,Circle K,63.782944,11.470647,"Magnus den Godes veg 21, 7653, Verdal",https://www.circlek.no/station/57063
Uno-X Truck Rom Lyngdal,Uno-X,58.156809,7.100032,"Mandalsveien 45, 4580, Lyngdal",https://unox.no/finn-uno-x/lokasjon/10505534
CIRCLE K DRANGEDAL,Circle K,59.08993,9.064862,"Drangedalsveien 3303, 3750, Drangedal",https://www.circlek.no/station/51754
YX Tovik,YX,68.6793,16.8726,"Tovika 56, 9445 TOVIK",https://www.yx.no/stasjon/yx-tovik-10400603
YX Naustdal,YX,61.5075,5.71785,"Fjordavegen 2, 6817 NAUSTDAL",https://www.yx.no/stasjon/yx-naustdal-10400501
CIRCLE K KORGEN,Circle K,66.08147,13.826967,"Olderneset, 8646, Korgen",https://www.circlek.no/station/55353
Uno-X 7-Eleven Helleland,Uno-X,58.52727234648749,6.127138630182285,"Sørlandsveien 527, 4376, HELLELAND",https://unox.no/finn-uno-x/lokasjon/10500177
CIRCLE K SOGNDAL,Circle K,61.232536,7.118118,"Årøyvegen 8, 6856, Sogndal",https://www.circlek.no/station/52206
CIRCLE K BAGN,Circle K,60.822754,9.553247,"Storebruvegen 5, 2930, Bagn",https://www.circlek.no/station/51532
Uno-X 7-Eleven Kvitfjelltunet,Uno-X,61.453625,10.188223,"Stasjonsvegen 13, 2634, Fåvang",https://unox.no/finn-uno-x/lokasjon/10500191
CIRCLE K TRUCK SIGERFJORD,Circle K,68.667482,15.475858,"Sigerfjordveien 2, 8406, Sortland",https://www.circlek.no/station/55619
CIRCLE K AUTOMAT GRANVIN,Circle K,60.5288,6.726501,"Hardangervegen 2509, 5736, Granvin",https://www.circlek.no/station/57066
YX Stårheim,YX,61.9186,5.76151,"Nordfjordvegen 5819, 6777 STÅRHEIM",https://www.yx.no/stasjon/yx-starheim-10400096
CIRCLE K AUTOMAT FIANE,Circle K,58.618504,8.878707,"Holtsveien 310, 4905, TVEDESTRAND",https://www.circlek.no/station/55633
Uno-X Hylla,Uno-X,64.470504,11.542081,"Skagevegen 5, 7805, Namsos",https://unox.no/finn-uno-x/lokasjon/10500179
CIRCLE K AUTOMAT HITRA,Circle K,63.520947,9.107723,"Sandstad, 7246, Sandstad",https://www.circlek.no/station/55484
YX Vevelstad (automat),YX,65.7014,12.442,"Forvikveien 130, 8976 VEVELSTAD",https://www.yx.no/stasjon/yx-vevelstad-automat-10400541
CIRCLE K TRUCK BØSTAD,Circle K,68.272313,13.970865,"Grundstadveien 30, 8360, BØSTAD",https://www.circlek.no/station/55649
YX Surnadal,YX,62.9724,8.72248,"Skeivegen 8, 6650 SURNADAL",https://www.yx.no/stasjon/yx-surnadal-10400103
CIRCLE K AUTOMAT HATLESTRAND,Circle K,60.06055,5.914788,"Hatlestrandsvegen 646, 5635, Hatlestrand",https://www.circlek.no/station/52169
CIRCLE K E6 BERKÅK,Circle K,62.8298,10.010887,"Parallellveien 10, 7391, Rennebu",https://www.circlek.no/station/52565
Uno-X 7-Eleven Bjørkelangen,Uno-X,59.88754469,11.56125207,"Kompveien 2664, Bliksrud, 1940, BJØRKELANGEN",https://unox.no/finn-uno-x/lokasjon/10500155
YX Tolga,YX,62.4096,10.9909,"Rørosveien 2051, 2540 TOLGA",https://www.yx.no/stasjon/yx-tolga-10400425
YX Dalen øst,YX,59.4458,7.98419,"Storvegen 227, 3880 DALEN",https://www.yx.no/stasjon/yx-dalen-st-10400861
CIRCLE K AUTOMAT EIDSBOTN,Circle K,60.873879,5.120899,"Gulafjordvegen 631, 5960, Dalsøyra",https://www.circlek.no/station/52155
CIRCLE K ÅL,Circle K,60.62872,8.561739,"Sundrejordet 2, 3570, Ål",https://www.circlek.no/station/53956
YX Hallingby,YX,60.2769,10.1891,"Moseveien 5, 3525 HALLINGBY",https://www.yx.no/stasjon/yx-hallingby-10400520
CIRCLE K AUTOMAT OLDEN,Circle K,61.841736,6.811403,"Naustgrenda 26, 6788, Olden",https://www.circlek.no/station/54622
YX Åfjord,YX,63.9649,10.2167,"Åvegen 7, 7170 ÅFJORD",https://www.yx.no/stasjon/yx-afjord-10400112
CIRCLE K RØRVIK,Circle K,64.862625,11.232574,"Betzy Bergs gate 2A, 7900, Rørvik",https://www.circlek.no/station/52681
YX Veggli,YX,60.0416,9.15496,"Numedalsvegen 5933, 3628 VEGGLI",https://www.yx.no/stasjon/yx-veggli-10400532
CIRCLE K TRYSIL,Circle K,61.3154,12.261463,"Storvegen 2, 2420, Trysil",https://www.circlek.no/station/53119
YX Bømlo,YX,59.6049,5.23217,"Hovlandsvegen 151, 5443 BØMLO",https://www.yx.no/stasjon/yx-b-mlo-10400618
YX Vestre Jakobselv,YX,70.1065,29.3452,"Nordvarangerveien 650, 9802 VESTRE JAKOBSELV",https://www.yx.no/stasjon/yx-vestre-jakobselv-10400862
YX Vang i Valdres,YX,61.1303,8.54216,"Tyinvegen 5340, 2975 VANG I VALDRES",https://www.yx.no/stasjon/yx-vang-i-valdres-10400067
YX Ulvsvåg (automat),YX,68.1148,15.8668,"Hamarøyveien 5679, 8276 ULVSVÅG",https://www.yx.no/stasjon/yx-ulvsvag-automat-10400537
Bunker Oil Kristiansund,Bunker Oil,63.118269,7.822814,"Pilotveien 1, , ",https://bunkeroil.no/en/map-petrol-stations
YX Selbu,YX,63.2503,11.0948,"Uglmoene 4, 7580 SELBU",https://www.yx.no/stasjon/yx-selbu-10400575
YX Åse,YX,69.0103,15.7638,"Åseveien 419, 8484 RISØYHAMN",https://www.yx.no/stasjon/yx-ase-10400597
CIRCLE K AUTOMAT HATTENG,Circle K,69.26788,19.96171,"Elvestrandveien 1, 9046, Oteren",https://www.circlek.no/station/55616
YX Otnes,YX,61.7564,11.1773,"Gamle Kongevei 2443, 2485 RENDALEN",https://www.yx.no/stasjon/yx-otnes-10400896
YX Grong,YX,64.4649,12.3158,"Trøahaugveien 2, 7870 GRONG",https://www.yx.no/stasjon/yx-grong-10400314
CIRCLE K AUTOMAT SANDNESSJØEN,Circle K,66.00728,12.576281,"Novikveien 115B, 8802, Sandnessjøen",https://www.circlek.no/station/55385
Bunker Oil Florø,Bunker Oil,61.6002957,5.0216279,"Strandavegen 19, 6905, Florø",https://bunkeroil.no/en/map-petrol-stations
YX Silsand,YX,69.2356,17.9299,"Laukhellaveien 96, 9303 SILSAND",https://www.yx.no/stasjon/yx-silsand-10400553
CIRCLE K AUTOMAT TANA,Circle K,70.201399,28.185745,"Deatnodearbmi 6, 9845, Tana",https://www.circlek.no/station/55400
Bunker Oil Tafjord,Bunker Oil,62.232945,7.417128,"Fv92, 6213, Tafjord",https://bunkeroil.no/en/map-petrol-stations
YX Sand,YX,59.4833,6.24962,"Verven 5, 4230 SAND",https://www.yx.no/stasjon/yx-sand-10400608
CIRCLE K KAUTOKEINO,Circle K,69.021255,23.04784,"Fievroluodda 3, 9520, Kautokeino",https://www.circlek.no/station/52747
YX Hattfjelldal (automat),YX,65.5957,13.9883,"O.T Olsens vei 12, 8692 HATTFJELLDAL",https://www.yx.no/stasjon/yx-hattfjelldal-automat-10400582
CIRCLE K AUTOMAT  EVJE,Circle K,58.57923,7.788771,"Bjoråvegen 2, 4735, Evje",https://www.circlek.no/station/57006
CIRCLE K KARASJOK,Circle K,69.47162,25.510025,"Suomageaidnu 1, 9730, Karasjok",https://www.circlek.no/station/54326
CIRCLE K AUTOMAT NORDBERG,Circle K,61.912064,8.112649,"Skjåkvegen 2108, 2693, Nordberg",https://www.circlek.no/station/51327
CIRCLE K TRUCK KONGSVINGER,Circle K,60.193832,12.032988,"Masterudvegen 23, 2211, Kongsvinger",https://www.circlek.no/station/56066
CIRCLE K RØROS,Circle K,62.56651,11.372521,"Havsjøveien 7, 7374, Røros",https://www.circlek.no/station/52574
CIRCLE K E6 NARVIK,Circle K,68.41036,17.428078,"Fagernesveien 142, 8514, Narvik",https://www.circlek.no/station/54296
YX Vardø (automat),YX,70.3748,31.0988,"Skagveien 2, 9950 VARDØ",https://www.yx.no/stasjon/yx-vard-automat-10400894
CIRCLE K REINE,Circle K,67.93468,13.08882,"Reinevn 84, 8390, Reine",https://www.circlek.no/station/53922
Joker Træna,Joker,66.50116903026058,12.101401289033662,"Janesvågen 6, 8770 TRÆNA",https://joker.no/finn-butikk/joker-trana
CIRCLE K SANDSLI,Circle K,60.29222,5.28647,"Sandslivegen 11, 5254, Sandsli",https://www.circlek.no/station/53975
CIRCLE K AUTOMAT KJØLLEFJORD,Circle K,70.94472,27.315178,"Strandvegen 1, 9790, Kjøllefjord",https://www.circlek.no/station/54194
YX Burfjord,YX,69.9406,22.0508,"Strandveien 2, 9161 BURFJORD",https://www.yx.no/stasjon/yx-burfjord-10400892
CIRCLE K ALVDAL,Circle K,62.118341,10.613766,"Nord-østerdalsveien 5196, 2560, Alvdal",https://www.circlek.no/station/52396
CIRCLE K STOKMARKNES,Circle K,68.571094,14.946529,"Industriveien 2, 8450, Stokmarknes",https://www.circlek.no/station/54348
CIRCLE K TRUCK FAUSKE,Circle K,67.27219,15.398072,"Follaveien 86, 8208, Fauske",https://www.circlek.no/station/55525
Uno-X 7-Eleven Nes i Ådal,Uno-X,60.56209,9.99718,"Ådalsveien 1161, 3524, NES I ÅDAL",https://unox.no/finn-uno-x/lokasjon/10500211
YX Storforshei,YX,66.4036,14.5336,"Malmgata 41, 8630 STORFORSHEI",https://www.yx.no/stasjon/yx-storforshei-10400254
CIRCLE K TRUCK RJUKAN,Circle K,59.879967,8.661676,"Svaddevegen 139, 3660, Rjukan",https://www.circlek.no/station/56207
Bunker Oil Brekke,Bunker Oil,61.011964,5.4619,", , ",https://bunkeroil.no/en/map-petrol-stations
CIRCLE K AUTOMAT NORDLI,Circle K,64.463448,13.591869,"Heggvollveien 1, 7882, Nordli",https://www.circlek.no/station/52484
CIRCLE K AUTOMAT TONSTAD,Circle K,58.665962,6.716552,"Tonstadvegen 17, 4440, Tonstad",https://www.circlek.no/station/52038
CIRCLE K AUTOMAT HAVØYSUND,Circle K,70.99502,24.673016,"Strandgata 139, 9690, Havøysund",https://www.circlek.no/station/54066
YX Røldal (automat),YX,59.8384,6.86419,"Liamyrene, 5760 RØLDAL",https://www.yx.no/stasjon/yx-r-ldal-automat-10400733
CIRCLE K AUTOMAT ENGERDAL,Circle K,61.758772,11.9602,"Engerdalsveien 1807, 2440, Engerdal",https://www.circlek.no/station/51248
YX Smøla (automat),YX,63.4589,8.05952,"Østsideveien 2333, 6570 SMØLA",https://www.yx.no/stasjon/yx-sm-la-automat-10400614
YX Fyresdal,YX,59.2033,8.08448,"Molandsmoen 4, 3870 FYRESDAL",https://www.yx.no/stasjon/yx-fyresdal-10400583
YX Sunndalsporten (automat),YX,62.5492,9.1154,"Fjellgardsvegen 2, 6613 GJØRA",https://www.yx.no/stasjon/yx-sunndalsporten-automat-10400605
CIRCLE K TORSTRAND,Circle K,59.046364,10.050885,"Storgata 150, 3262, Larvik",https://www.circlek.no/station/51709
YX Steinsdalen,YX,64.3025,10.5129,"Osenveien 44, 7740 STEINSDALEN",https://www.yx.no/stasjon/yx-steinsdalen-10400403
CIRCLE K AUTOMAT RENA,Circle K,61.13466,11.373644,"Brugata 19, 2450, Rena",https://www.circlek.no/station/57026
YX Hemnes (automat),YX,66.2241,13.6033,"Sjøgata 2, 8640 HEMNESBERGET",https://www.yx.no/stasjon/yx-hemnes-automat-10400636
Bunker Oil Sandshamn,Bunker Oil,62.251588507144,5.48738586871286,"Sandshamn / Rosenlund Havn, 6089, Sandshamn",https://bunkeroil.no/en/map-petrol-stations
CIRCLE K TRUCK ORKDAL,Circle K,63.307334,9.832764,"Grønørveien 21, 7300, Orkanger",https://www.circlek.no/station/54569
YX Aremark,YX,59.2205,11.6965,"Aremarkveien 2260, 1798 AREMARK",https://www.yx.no/stasjon/yx-aremark-10400591
YX Hovden (automat),YX,59.5593,7.35641,"Setesdalsvegen 4263, 4755 HOVDEN I SETESDAL",https://www.yx.no/stasjon/yx-hovden-automat-10400805
YX Dovre (butikk),YX,62.0123,9.20796,"Gudbrandsdalsvegen 1720, 2662 DOVRE",https://www.yx.no/stasjon/yx-dovre-butikk-10400928
CIRCLE K AUTOMAT VINSTRA,Circle K,61.594149,9.752945,"Øvregata 23, 2640, Vinstra",https://www.circlek.no/station/51302
YX Vik,YX,61.0887,6.58508,"Sentrumsgata 2, 6893 VIK I SOGN",https://www.yx.no/stasjon/yx-vik-10400508
CIRCLE K LIVOLD,Circle K,58.087704,7.291741,"Mandalsveien 1607, 4520, Lindesnes",https://www.circlek.no/station/51910
YX Sistranda,YX,63.7167,8.8397,"Nordfrøyveien 234, 7260 SISTRANDA",https://www.yx.no/stasjon/yx-sistranda-10400873
Bunker Oil Grytøyra,Bunker Oil,61.28928,5.024899,", 6967, Hellevik i Fjaler ",https://bunkeroil.no/en/map-petrol-stations
Bunker Oil Ifjord,Bunker Oil,70.461357,27.107402,", , ",https://bunkeroil.no/en/map-petrol-stations
YX Øvre Årdal,YX,61.3088,7.81387,"Årdalsveien 1, 6884 ØVRE ÅRDAL",https://www.yx.no/stasjon/yx-vre-ardal-10400506
YX Engavågen (automat),YX,66.7799,13.5346,"Enga 1, 8170 ENGAVÅGEN",https://www.yx.no/stasjon/yx-engavagen-automat-10400530
YX Meråker,YX,63.4181,11.7389,"Mellomriksvegen 4855, 7530 MERÅKER",https://www.yx.no/stasjon/yx-meraker-10400552
YX Foldereid (automat),YX,64.9624,12.1778,"Foldereidvegen 4, 7985 FOLDEREID",https://www.yx.no/stasjon/yx-foldereid-automat-10400623
YX Stonglandseidet (automat),YX,69.084,17.1709,"Skrolsvikveien 7, 9392 STONGLANDSEIDET",https://www.yx.no/stasjon/yx-stonglandseidet-automat-10400604
CIRCLE K STEINKJER,Circle K,64.011444,11.49851,"Kongens Gate 45, 7713, Steinkjer",https://www.circlek.no/station/52596
CIRCLE K GULSVIK,Circle K,60.381149,9.610877,"Bjørkvikmoen 5, 3539, Flå",https://www.circlek.no/station/51501
YX Nygårdsjøen,YX,67.1216,14.3226,"Nygårdveien 159, 8120 NYGÅRDSJØEN",https://www.yx.no/stasjon/yx-nygardsj-en-10400889
CIRCLE K SVOLVÆR,Circle K,68.238844,14.567827,"Repslagergata 20, 8300, Svolvær",https://www.circlek.no/station/52857
YX Bjorli,YX,62.2585,8.20574,"Bøvervegen 5, 2669 BJORLI",https://www.yx.no/stasjon/yx-bjorli-10400429
CIRCLE K AUTOMAT ÅLEN,Circle K,62.84054,11.304788,"Eggavegen 3, 7380, Ålen",https://www.circlek.no/station/52692
YX Saltdal,YX,66.8133,15.4018,"Saltfjellveien 2033, 8255 RØKLAND",https://www.yx.no/stasjon/yx-saltdal-10400895
CIRCLE K AUTOMAT VOSS,Circle K,60.628696,6.424739,"Uttrågata 29, 5700, Voss",https://www.circlek.no/station/52231
YX Treungen Syd,YX,59.0106,8.53734,"Treungvegen 253, 3855 TREUNGEN",https://www.yx.no/stasjon/yx-treungen-syd-10400590
CIRCLE K LAKSELV,Circle K,70.05164,24.967949,"Georg Bjørklis vei 1, 9700, Lakselv",https://www.circlek.no/station/52779
YX Straumen (automat),YX,67.3462,15.5936,"Sentrum 2, 8226 STRAUMEN",https://www.yx.no/stasjon/yx-straumen-automat-10400543
CIRCLE K AUTOMAT NÆROSET,Circle K,60.980854,10.786851,"Åsmarkvegen 835, 2364, Næroset",https://www.circlek.no/station/51261
CIRCLE K AUTOMAT AUKRA,Circle K,62.81371,6.883955,"Riksfjordveien 107, 6480, Aukra",https://www.circlek.no/station/52246
CIRCLE K E6 NORDKJOSBOTN,Circle K,69.21729,19.557371,"Sentrumsveien 14, 9040, Nordkjosbotn",https://www.circlek.no/station/52706
CIRCLE K HESSENG,Circle K,69.687805,29.986399,"Mellomveien 4, 9912, Hesseng",https://www.circlek.no/station/52798
Bunker Oil Hansnes,Bunker Oil,69.960513,19.609496,", , ",https://bunkeroil.no/en/map-petrol-stations
St1 Skjervøy,St1,70.0259722,20.97721622,"Kveldsolveien 1, 9180 SKJERVØY",https://st1.no/stasjon/skjervy
YX Drag,YX,68.0452,16.0789,"Dragsarmen 21, 8270 DRAG",https://www.yx.no/stasjon/yx-drag-10400598
Uno-X Geilo,Uno-X,60.534112,8.209405,"Kyrkjevegen 1, 3580, Geilo",https://unox.no/finn-uno-x/lokasjon/10500370
CIRCLE K FLISA,Circle K,60.612851,12.00513,"Kjølabakken 32, 2270, Flisa",https://www.circlek.no/station/51188
CIRCLE K AUTOMAT NAMSSKOGAN,Circle K,64.933876,13.167316,"Kleist Geddes Vei 35, 7890, Namsskogan",https://www.circlek.no/station/53944
CIRCLE K BØ I TELEMARK,Circle K,59.414337,9.062585,"Bøgata 30, 3800, Bø",https://www.circlek.no/station/51753
CIRCLE K ÅNDALSNES,Circle K,62.55955,7.685359,"Raumavegen 69, 6300, Åndalsnes",https://www.circlek.no/station/52326
CIRCLE K EIDSVOLL VERK,Circle K,60.302258,11.166405,"Trondheimsvegen 336, 2074, Eidsvoll Verk",https://www.circlek.no/station/51011
CIRCLE K AUTOMAT RUSSENES,Circle K,70.47555,25.068956,"Vestre Porsangerveien 6094, 9713, Russenes",https://www.circlek.no/station/54697
YX Vuku,YX,63.7757,11.7342,"Bredingsberg 7, 7660 VUKU",https://www.yx.no/stasjon/yx-vuku-10400588
CIRCLE K JØRPELAND,Circle K,59.021877,6.035175,"Nedre Barkvedvegen 17, 4100, Jørpeland",https://www.circlek.no/station/52075
CIRCLE K ELVEBAKKEN,Circle K,69.973694,23.36567,"Altaveien 261, 9515, Alta",https://www.circlek.no/station/52695
CIRCLE K AUTOMAT HALDEN,Circle K,59.12067,11.390664,"Kirkebakken 8-10, 1767, Halden",https://www.circlek.no/station/51201
CIRCLE K SETERMOEN,Circle K,68.863396,18.345873,"Fogd Holmboes gate 52, 9360, Bardu",https://www.circlek.no/station/52712
CIRCLE K SÆVELANDSVIK,Circle K,59.269283,5.201284,"Nylandvegen 1, 4275, Sævelandsvik",https://www.circlek.no/station/51996
CIRCLE K AUTOMAT BREKKEN,Circle K,62.646275,11.866314,"Mellomriksveien 1, 7370, Brekkebygd",https://www.circlek.no/station/52575
CIRCLE K HAUKELI,Circle K,59.736949,7.563892,"Storegutvegen 256, 3895, Edland",https://www.circlek.no/station/55652
Bunker Oil Skåbu,Bunker Oil,61.523989,9.406,"Skåbuvegen, 2643, Skåbu",https://bunkeroil.no/en/map-petrol-stations
CIRCLE K AUTOMAT SNÅSA,Circle K,64.24631,12.387504,"Øverbygdveien 22, 7760, Snåsa",https://www.circlek.no/station/52592
CIRCLE K AUTOMAT AURLAND,Circle K,60.898808,7.210915,"Skulevegen 58, 5745, Aurland",https://www.circlek.no/station/57055
CIRCLE K AUTOMAT HOMMELSTØ,Circle K,65.40359,12.547688,"Rugåshylla 3, 8960, Velfjord",https://www.circlek.no/station/52411
YX Birtavarre (automat),YX,69.4943,20.829,"Stiger Pettersens veg 1, 9147 BIRTAVARRE",https://www.yx.no/stasjon/yx-birtavarre-automat-10400883
CIRCLE K AUTOMAT BÅTSFJORD,Circle K,70.62991,29.705257,"Valen 3, 9990, Båtsfjord",https://www.circlek.no/station/52723
Uno-X Hammerfest,Uno-X,70.65241355469725,23.66255789995194,"Storsvingen 4, 9610, Rypefjord",https://unox.no/finn-uno-x/lokasjon/10500742
